mem,aae,
100,25.0986,
200,10.4368,
300,6.20875,
400,4.29865,
500,3.24979,
