mem,aae,
100,15.3663,
200,9.24767,
300,3.82917,
400,2.69676,
500,2.08756,
