mem,speed,
100,3.12397,
200,3.3182,
300,3.29492,
400,3.19605,
500,3.18962,
