mem,speed,
100,3.25697,
200,3.21459,
300,3.11824,
400,3.11981,
500,3.0938,
