mem,speed,
100,1.22417,
200,1.21471,
300,1.22125,
400,1.21928,
500,1.21484,
