mem,aae,
100,14.1052,
200,5.26485,
300,3.22426,
400,4.12692,
500,2.00873,
