mem,aae,
100,22.0338,
200,7.92023,
300,4.53934,
400,3.21795,
500,2.58118,
