mem,aae,
100,74.1622,
200,26.9347,
300,14.7561,
400,9.75399,
500,7.16821,
