mem,speed,
100,3.37078,
200,3.37855,
300,3.27732,
400,3.24182,
500,3.20598,
