mem,speed,
100,1.21683,
200,1.21919,
300,1.22621,
400,1.2225,
500,1.21089,
