mem,speed,
100,3.2453,
200,3.22169,
300,3.19794,
400,3.10817,
500,3.09181,
