mem,aae,
100,38.3183,
200,15.1557,
300,9.69513,
400,10.6661,
500,6.63624,
