mem,aae,
100,24.4373,
200,10.7252,
300,7.57114,
400,6.44641,
500,5.92421,
