mem,aae,
100,61.055,
200,22.6769,
300,12.9123,
400,8.83935,
500,6.56102,
