mem,speed,
100,3.24686,
200,3.20185,
300,3.13524,
400,3.20262,
500,3.17585,
