mem,speed,
100,1.20144,
200,1.2006,
300,1.19565,
400,1.19716,
500,1.19428,
