mem,speed,
100,3.34614,
200,3.33075,
300,3.31792,
400,3.02957,
500,3.29804,
