mem,speed,
100,1.18726,
200,1.17858,
300,1.18181,
400,1.17934,
500,1.18084,
