mem,speed,
100,3.15714,
200,3.13387,
300,3.01495,
400,2.94149,
500,2.81974,
