mem,speed,
100,13.1106,
200,10.8138,
300,9.90403,
400,9.32413,
500,8.87824,
