mem,speed,
100,3.33047,
200,3.31934,
300,3.19896,
400,3.08901,
500,2.9545,
